{
  "train_loss": [
    0.3203698389354299,
    0.28359479994558895,
    0.28322144622196915,
    0.27323114249061364,
    0.25453881247610344,
    0.25027092546224594,
    0.24262570424890909,
    0.2403788380935544,
    0.21719985614057447,
    0.21049244396510672,
    0.20280971939935058,
    0.18846129174115228,
    0.18536758581634427,
    0.16987055479014507,
    0.17069394800995216,
    0.16907914996635717,
    0.15988726687968755,
    0.15991067593214942,
    0.15558692287714754,
    0.15464042218737914
  ],
  "val_loss": [
    0.5670116908020444,
    0.5836522976557413,
    0.5862578087382846,
    0.48821275101767647,
    0.4518653535180622,
    0.4923207809527715,
    0.4264562808805042,
    0.4435802598794301,
    0.48318608436319566,
    0.40879776577154797,
    0.3878519419166777,
    0.29203127324581146,
    0.28701673448085785,
    0.3537543515364329,
    0.24507084820005628,
    0.2779204448064168,
    0.24646597935093773,
    0.3186502440108193,
    0.28675966295931077,
    0.279896252685123
  ],
  "val_acc": [
    0.7423664122137404,
    0.7423664122137404,
    0.7423664122137404,
    0.7423664122137404,
    0.7614503816793893,
    0.7423664122137404,
    0.7690839694656488,
    0.7538167938931297,
    0.799618320610687,
    0.8244274809160306,
    0.833969465648855,
    0.8702290076335878,
    0.8797709923664122,
    0.8473282442748091,
    0.8931297709923665,
    0.8797709923664122,
    0.8969465648854962,
    0.8625954198473282,
    0.8759541984732825,
    0.8797709923664122
  ],
  "epoch_time": [
    20.713752508163452,
    24.804113388061523,
    21.891627311706543,
    20.01284885406494,
    20.99749517440796,
    19.368823289871216,
    23.059581756591797,
    29.51264214515686,
    19.259701013565063,
    18.476178884506226,
    18.757888078689575,
    19.01022696495056,
    19.86716389656067,
    24.740711212158203,
    22.300721883773804,
    22.45244336128235,
    24.231054067611694,
    26.999616622924805,
    23.582144021987915,
    28.42611026763916
  ]
}