{
  "train_loss": [
    0.3257059313234736,
    0.27805187198959413,
    0.26781238114736117,
    0.2481611700820141,
    0.2198777156042271,
    0.1981401108816022,
    0.20842507041868616,
    0.1716718266672287,
    0.1529793220221019,
    0.14683458923560674,
    0.16265961894246397,
    0.1420603776808645,
    0.12845884672686703,
    0.12782044665979558,
    0.11875042539150989,
    0.11867323050611332,
    0.11558877569852305,
    0.11217952895237775,
    0.10988114146729473,
    0.10543214654946914
  ],
  "val_loss": [
    0.5499943693478903,
    0.4481367650959227,
    0.4837595621744792,
    0.5991324981053671,
    0.3578753289249208,
    0.3401135818825828,
    0.2970946315262053,
    0.2660449619094531,
    0.3096424432264434,
    0.20820371268524063,
    0.37945667405923206,
    0.22890546710954773,
    0.43442073795530534,
    0.23769885591334766,
    0.23401648095912403,
    0.19305243881212342,
    0.21831904103358588,
    0.21956131979823112,
    0.21238618137107956,
    0.227847288052241
  ],
  "val_acc": [
    0.7423664122137404,
    0.7423664122137404,
    0.7423664122137404,
    0.7423664122137404,
    0.8416030534351145,
    0.8606870229007634,
    0.8835877862595419,
    0.898854961832061,
    0.8721374045801527,
    0.9217557251908397,
    0.8473282442748091,
    0.9122137404580153,
    0.8206106870229007,
    0.9141221374045801,
    0.9083969465648855,
    0.9312977099236641,
    0.9141221374045801,
    0.916030534351145,
    0.9179389312977099,
    0.9122137404580153
  ],
  "epoch_time": [
    27.320292472839355,
    18.627735376358032,
    19.87243366241455,
    20.301582098007202,
    22.36567759513855,
    20.722548961639404,
    27.991435766220093,
    20.380353689193726,
    17.969730615615845,
    18.009441614151,
    18.784728288650513,
    21.778401613235474,
    19.85535168647766,
    22.996593236923218,
    27.235234260559082,
    22.814613819122314,
    18.525503873825073,
    18.82742691040039,
    19.35661482810974,
    19.493727207183838
  ]
}